--
-- PostgreSQL database dump
--

--SET client_encoding = 'UTF8';
--SET standard_conforming_strings = off;
--SET check_function_bodies = false;
--SET client_min_messages = warning;
--SET escape_string_warning = off;

--SET search_path = public, pg_catalog;
--
--SET default_tablespace = '';

--SET default_with_oids = false;

--
-- Name: identities; Type: TABLE; Schema: public; Owner: app62736; Tablespace: 
--

CREATE TABLE identities (
    id integer NOT NULL,
    name character varying(255),
    student_id integer,
    created_at timestamp without time zone,
    updated_at timestamp without time zone
);


ALTER TABLE public.identities OWNER TO app62736;

--
-- Name: identities_id_seq; Type: SEQUENCE; Schema: public; Owner: app62736
--

CREATE SEQUENCE identities_id_seq
    INCREMENT BY 1
    NO MAXVALUE
    NO MINVALUE
    CACHE 1;


ALTER TABLE public.identities_id_seq OWNER TO app62736;

--
-- Name: identities_id_seq; Type: SEQUENCE OWNED BY; Schema: public; Owner: app62736
--

ALTER SEQUENCE identities_id_seq OWNED BY identities.id;


--
-- Name: identities_id_seq; Type: SEQUENCE SET; Schema: public; Owner: app62736
--

SELECT pg_catalog.setval('identities_id_seq', 163, true);


--
-- Name: options; Type: TABLE; Schema: public; Owner: app62736; Tablespace: 
--

CREATE TABLE options (
    id integer NOT NULL,
    name character varying(255),
    created_at timestamp without time zone,
    updated_at timestamp without time zone,
    students_count integer DEFAULT 0
);


ALTER TABLE public.options OWNER TO app62736;

--
-- Name: options_id_seq; Type: SEQUENCE; Schema: public; Owner: app62736
--

CREATE SEQUENCE options_id_seq
    INCREMENT BY 1
    NO MAXVALUE
    NO MINVALUE
    CACHE 1;


ALTER TABLE public.options_id_seq OWNER TO app62736;

--
-- Name: options_id_seq; Type: SEQUENCE OWNED BY; Schema: public; Owner: app62736
--

ALTER SEQUENCE options_id_seq OWNED BY options.id;


--
-- Name: options_id_seq; Type: SEQUENCE SET; Schema: public; Owner: app62736
--

SELECT pg_catalog.setval('options_id_seq', 9, true);


--
-- Name: schema_migrations; Type: TABLE; Schema: public; Owner: app62736; Tablespace: 
--

CREATE TABLE schema_migrations (
    version character varying(255) NOT NULL
);


ALTER TABLE public.schema_migrations OWNER TO app62736;

--
-- Name: students; Type: TABLE; Schema: public; Owner: app62736; Tablespace: 
--

CREATE TABLE students (
    id integer NOT NULL,
    name character varying(255),
    option_id integer,
    created_at timestamp without time zone,
    updated_at timestamp without time zone,
    "year" character varying(255),
    "password" character varying(255) DEFAULT ''::character varying
);


ALTER TABLE public.students OWNER TO app62736;

--
-- Name: students_id_seq; Type: SEQUENCE; Schema: public; Owner: app62736
--

CREATE SEQUENCE students_id_seq
    INCREMENT BY 1
    NO MAXVALUE
    NO MINVALUE
    CACHE 1;


ALTER TABLE public.students_id_seq OWNER TO app62736;

--
-- Name: students_id_seq; Type: SEQUENCE OWNED BY; Schema: public; Owner: app62736
--

ALTER SEQUENCE students_id_seq OWNED BY students.id;


--
-- Name: students_id_seq; Type: SEQUENCE SET; Schema: public; Owner: app62736
--

SELECT pg_catalog.setval('students_id_seq', 220, true);


--
-- Name: id; Type: DEFAULT; Schema: public; Owner: app62736
--

ALTER TABLE identities ALTER COLUMN id SET DEFAULT nextval('identities_id_seq'::regclass);


--
-- Name: id; Type: DEFAULT; Schema: public; Owner: app62736
--

ALTER TABLE options ALTER COLUMN id SET DEFAULT nextval('options_id_seq'::regclass);


--
-- Name: id; Type: DEFAULT; Schema: public; Owner: app62736
--

ALTER TABLE students ALTER COLUMN id SET DEFAULT nextval('students_id_seq'::regclass);


--
-- Data for Name: identities; Type: TABLE DATA; Schema: public; Owner: app62736
--

COPY identities (id, name, student_id, created_at, updated_at) FROM stdin;
6	Dan S	\N	2009-04-23 19:38:27	2009-04-23 12:41:56.499622
10	Kasper W	\N	2009-04-23 19:38:27	2009-04-23 12:41:56.559509
13	Mohan W	\N	2009-04-23 19:38:27	2009-04-23 12:41:56.607784
16	Sarenkan E	\N	2009-04-23 19:38:27	2009-04-23 12:41:56.62235
17	Shan H	\N	2009-04-23 19:38:27	2009-04-23 12:41:56.62711
18	Simeng D	\N	2009-04-23 19:38:27	2009-04-23 12:41:56.631933
20	Varun O	\N	2009-04-23 19:38:27	2009-04-23 12:41:56.643931
25	Elicia P	\N	2009-04-23 19:38:27	2009-04-23 12:41:56.687611
26	Eric H	\N	2009-04-23 19:38:27	2009-04-23 12:41:56.692222
32	Krishan W	\N	2009-04-23 19:38:27	2009-04-23 12:41:56.76951
35	Qamar W	\N	2009-04-23 19:38:27	2009-04-23 12:41:57.543596
36	Robert D	\N	2009-04-23 19:38:27	2009-04-23 12:41:57.548458
37	Yi T	\N	2009-04-23 19:38:27	2009-04-23 12:41:57.553075
38	Ying L	\N	2009-04-23 19:38:27	2009-04-23 12:41:57.577656
41	Adrian N	\N	2009-04-23 19:38:27	2009-04-23 12:41:57.59131
42	Anith S	\N	2009-04-23 19:38:27	2009-04-23 12:41:57.595754
50	Dmytro L	\N	2009-04-23 19:38:27	2009-04-23 12:41:57.660159
51	Eugene V	\N	2009-04-23 19:38:27	2009-04-23 12:41:57.664665
53	Landy C	\N	2009-04-23 19:38:27	2009-04-23 12:41:57.673376
54	Ming W	\N	2009-04-23 19:38:27	2009-04-23 12:41:57.677721
55	Nitharson M	\N	2009-04-23 19:38:27	2009-04-23 12:41:57.682029
56	Renatto S	\N	2009-04-23 19:38:27	2009-04-23 12:41:57.686356
61	Zhi Z	\N	2009-04-23 19:38:27	2009-04-23 12:41:57.709498
63	Chen Z	\N	2009-04-23 19:38:27	2009-04-23 12:41:57.71907
64	Cong W	\N	2009-04-23 19:38:27	2009-04-23 12:41:57.723821
66	Franco C	\N	2009-04-23 19:38:27	2009-04-23 12:41:57.752579
69	Haotian C	\N	2009-04-23 19:38:27	2009-04-23 12:41:57.766928
72	Kevin M	\N	2009-04-23 19:38:27	2009-04-23 12:41:57.784994
74	Linghan L	\N	2009-04-23 19:38:27	2009-04-23 12:41:57.793782
75	Lu Z	\N	2009-04-23 19:38:27	2009-04-23 12:41:57.798471
78	Rohan R	\N	2009-04-23 19:38:27	2009-04-23 12:41:57.831687
79	Rosanah M	\N	2009-04-23 19:38:27	2009-04-23 12:41:57.836457
82	Amanda G	\N	2009-04-23 19:38:27	2009-04-23 12:41:57.850191
86	Hao Y	\N	2009-04-23 19:38:27	2009-04-23 12:41:57.86845
89	Jordan S	\N	2009-04-23 19:38:27	2009-04-23 12:41:57.882108
92	Mina M	\N	2009-04-23 19:38:27	2009-04-23 12:41:57.895896
97	Sean Y	\N	2009-04-23 19:38:27	2009-04-23 12:41:57.919382
99	Sina V	\N	2009-04-23 19:38:27	2009-04-23 12:41:57.928073
101	Waleed K	\N	2009-04-23 19:38:27	2009-04-23 12:41:57.936924
102	Avriel H	\N	2009-04-23 19:38:27	2009-04-23 12:41:57.941791
103	Catherine K	\N	2009-04-23 19:38:27	2009-04-23 12:41:57.946174
104	Christopher R	\N	2009-04-23 19:38:27	2009-04-23 12:41:57.950508
105	Datta G	\N	2009-04-23 19:38:27	2009-04-23 12:41:57.954824
107	Joshua S	\N	2009-04-23 19:38:27	2009-04-23 12:41:57.96443
108	Malvika R	\N	2009-04-23 19:38:27	2009-04-23 12:41:57.968935
110	Mehzabeen Z	\N	2009-04-23 19:38:27	2009-04-23 12:41:57.978798
112	Obhishek B	\N	2009-04-23 19:38:27	2009-04-23 12:41:57.988364
113	Philip R	\N	2009-04-23 19:38:27	2009-04-23 12:41:57.993158
114	Rojina G	\N	2009-04-23 19:38:27	2009-04-23 12:41:57.997645
116	Samantha V	\N	2009-04-23 19:38:27	2009-04-23 12:41:58.006324
131	Janahan R	\N	2009-04-23 19:38:27	2009-04-23 12:41:58.688457
134	Matthew T	\N	2009-04-23 19:38:27	2009-04-23 12:41:58.702673
137	Siwei Q	\N	2009-04-23 19:38:27	2009-04-23 12:41:58.777972
138	Wenyao X	\N	2009-04-23 19:38:27	2009-04-23 12:41:58.782663
139	Xiao H	\N	2009-04-23 19:38:27	2009-04-23 12:41:58.831058
146	Li L	\N	2009-04-23 19:38:27	2009-04-23 12:41:58.948128
148	Michael A	\N	2009-04-23 19:38:27	2009-04-23 12:41:58.958172
153	Samuel B	\N	2009-04-23 19:38:27	2009-04-23 12:41:59.091862
154	Sang J	\N	2009-04-23 19:38:27	2009-04-23 12:41:59.096414
156	Seungmoon R	\N	2009-04-23 19:38:27	2009-04-23 12:41:59.109666
157	Shaojie F	\N	2009-04-23 19:38:27	2009-04-23 12:41:59.114171
158	Stefan A	\N	2009-04-23 19:38:27	2009-04-23 12:41:59.11867
162	Weixiao X	\N	2009-04-23 19:38:27	2009-04-23 12:41:59.137023
76	Mark H	3	2009-04-23 19:38:27	2009-04-23 19:52:25.439996
15	Rafal D	1	2009-04-23 19:38:27	2009-04-23 20:02:04.781775
3	Benedict A	4	2009-04-23 19:38:27	2009-04-23 20:03:02.170655
135	Natalia T	5	2009-04-23 19:38:27	2009-04-23 20:03:08.932335
145	Konstantine T	6	2009-04-23 19:38:27	2009-04-23 20:03:13.313767
30	Jamie L	7	2009-04-23 19:38:27	2009-04-23 20:03:18.541595
106	Jared M	8	2009-04-23 19:38:27	2009-04-23 20:03:24.103248
119	Trevor C	9	2009-04-23 19:38:27	2009-04-23 20:03:29.232056
11	Lina L	15	2009-04-23 19:38:27	2009-04-23 20:03:34.152894
163	Adam P	18	2009-04-23 12:42:37.994067	2009-04-23 20:03:38.803014
46	Bing L	21	2009-04-23 19:38:27	2009-04-23 20:05:24.902395
68	Hao C	23	2009-04-23 19:38:27	2009-04-23 20:05:38.688658
84	Daniela M	24	2009-04-23 19:38:27	2009-04-23 20:05:54.039676
122	Audrey C	25	2009-04-23 19:38:27	2009-04-23 20:06:02.916394
149	Michelle W	26	2009-04-23 19:38:27	2009-04-23 20:06:10.781432
111	Monica C	27	2009-04-23 19:38:27	2009-04-23 20:06:22.757035
49	David W	29	2009-04-23 19:38:27	2009-04-23 20:06:52.067194
144	Jimmy L	30	2009-04-23 19:38:27	2009-04-23 20:07:02.464504
73	Leon L	31	2009-04-23 19:38:27	2009-04-23 20:07:12.065389
130	Harris L	32	2009-04-23 19:38:27	2009-04-23 20:07:23.205397
24	Duluxan S	33	2009-04-23 19:38:27	2009-04-23 20:07:32.992017
109	Mark M	35	2009-04-23 19:38:27	2009-04-23 20:08:43.457027
155	Sean B	39	2009-04-23 19:38:27	2009-04-23 20:08:50.749842
95	Rick Z	40	2009-04-23 19:38:27	2009-04-23 20:08:57.709433
147	Megan L	41	2009-04-23 19:38:27	2009-04-23 20:09:05.493546
71	Jonathan N	42	2009-04-23 19:38:27	2009-04-23 20:09:15.095238
133	Manan A	86	2009-04-23 19:38:27	2009-04-23 20:09:24.942334
161	Vincent K	91	2009-04-23 19:38:27	2009-04-23 20:09:28.124049
118	Shawn Y	114	2009-04-23 19:38:27	2009-04-23 20:09:45.017173
31	Justin F	115	2009-04-23 19:38:27	2009-04-23 20:09:57.034887
28	HaoYang L	116	2009-04-23 19:38:27	2009-04-23 20:10:05.153691
34	Paul P	117	2009-04-23 19:38:27	2009-04-23 20:10:11.029731
48	Catherine C	118	2009-04-23 19:38:27	2009-04-23 20:10:16.146734
159	Tian T	119	2009-04-23 19:38:27	2009-04-23 20:10:19.969911
9	Jonathan S	120	2009-04-23 19:38:27	2009-04-23 20:10:58.162293
12	Lutan H	121	2009-04-23 19:38:27	2009-04-23 20:11:05.860043
40	Zhou L	124	2009-04-23 19:38:27	2009-04-23 20:11:29.621309
85	Geoffrey V	125	2009-04-23 19:38:27	2009-04-23 20:11:36.750578
91	Matthew K	126	2009-04-23 19:38:27	2009-04-23 20:11:40.223554
67	Galen H	127	2009-04-23 19:38:27	2009-04-23 20:11:45.441048
45	Benjamin H	128	2009-04-23 19:38:27	2009-04-23 20:11:50.991416
27	Fangzhou S	129	2009-04-23 19:38:27	2009-04-23 20:11:57.345614
143	David T	130	2009-04-23 19:38:27	2009-04-23 20:12:03.407124
88	Joel K	131	2009-04-23 19:38:27	2009-04-23 20:12:09.42283
98	Silvia V	133	2009-04-23 19:38:27	2009-04-23 20:12:26.225577
96	Sanae R	134	2009-04-23 19:38:27	2009-04-23 20:13:45.919232
83	Carol K	136	2009-04-23 19:38:27	2009-04-23 20:14:00.875119
126	Carson M	139	2009-04-23 19:38:27	2009-04-23 20:14:17.296533
7	Farhang T	140	2009-04-23 19:38:27	2009-04-23 20:14:21.124485
87	James C	141	2009-04-23 19:38:27	2009-04-23 20:14:25.855646
77	Mojdeh S	142	2009-04-23 19:38:27	2009-04-23 20:14:34.323705
44	Bassam H	143	2009-04-23 19:38:27	2009-04-23 20:14:38.884907
120	Yifan G	144	2009-04-23 19:38:27	2009-04-23 20:14:43.535315
65	Daniel D	145	2009-04-23 19:38:27	2009-04-23 20:14:47.318803
115	Saksham U	146	2009-04-23 19:38:27	2009-04-23 20:14:54.318664
117	Satyam M	147	2009-04-23 19:38:27	2009-04-23 20:15:02.845242
140	Xiaofan J	150	2009-04-23 19:38:27	2009-04-23 20:15:24.2516
8	Jeffrey A	157	2009-04-23 19:38:27	2009-04-23 20:16:06.387927
152	Ronak G	159	2009-04-23 19:38:27	2009-04-23 20:16:14.215417
127	Chandramouli G	164	2009-04-23 19:38:27	2009-04-23 20:16:20.961498
90	Lucy Y	171	2009-04-23 19:38:27	2009-04-23 20:16:34.899039
4	Chen N	173	2009-04-23 19:38:27	2009-04-23 20:16:48.057308
39	Ying T	174	2009-04-23 19:38:27	2009-04-23 20:16:56.233775
150	Mike J	175	2009-04-23 19:38:27	2009-04-23 20:17:03.439837
100	Uilki T	176	2009-04-23 19:38:27	2009-04-23 20:17:10.519673
160	Utkarsh G	177	2009-04-23 19:38:27	2009-04-23 20:17:14.877603
22	Ankit J	179	2009-04-23 19:38:27	2009-04-23 20:17:19.190997
132	Joseph G	180	2009-04-23 19:38:27	2009-04-23 20:17:30.834402
70	Hecheng W	184	2009-04-23 19:38:27	2009-04-23 20:17:51.903753
43	Balazs H	197	2009-04-23 19:38:27	2009-04-23 20:17:56.728863
94	Parth V	198	2009-04-23 19:38:27	2009-04-23 20:18:03.253954
136	Rene R	199	2009-04-23 19:38:27	2009-04-23 20:18:10.924914
80	Yixiao Z	155	2009-04-23 19:38:27	2009-04-23 20:29:28.82172
62	Bo W	184	2009-04-23 19:38:27	2009-04-23 20:31:33.07238
121	Yonatan H	135	2009-04-23 19:38:27	2009-04-23 20:31:37.17013
57	Seyed S	19	2009-04-23 19:38:27	2009-04-23 21:00:35.340105
151	Mushfiq M	123	2009-04-23 19:38:27	2009-04-23 22:38:36.318416
52	Hanxiong S	110	2009-04-23 19:38:27	2009-04-23 23:53:27.132981
21	Youngchul H	28	2009-04-23 19:38:27	2009-04-23 23:54:05.346479
123	Barsan F	203	2009-04-23 19:38:27	2009-04-24 03:13:23.942289
60	Yin N	205	2009-04-23 19:38:27	2009-04-24 04:04:30.415883
142	Ziran J	201	2009-04-23 19:38:27	2009-04-24 04:07:45.770326
59	Weichao W	200	2009-04-23 19:38:27	2009-04-24 04:08:46.729644
128	Chun W	34	2009-04-23 19:38:27	2009-04-24 04:10:27.090413
81	Zi H	138	2009-04-23 19:38:27	2009-04-24 04:11:27.891753
23	Chi W	172	2009-04-23 19:38:27	2009-04-24 04:13:11.974699
124	Bohan J	207	2009-04-23 19:38:27	2009-04-24 13:07:39.632686
29	Ho P	209	2009-04-23 19:38:27	2009-04-24 13:10:12.017522
47	Calvin L	208	2009-04-23 19:38:27	2009-04-24 13:11:01.766218
125	Can J	181	2009-04-23 19:38:27	2009-04-24 14:32:32.754906
5	Chun-Wang W	151	2009-04-23 19:38:27	2009-04-24 14:32:59.975155
33	Mi K	156	2009-04-23 19:38:27	2009-04-24 14:35:35.414526
19	Sukjin L	152	2009-04-23 19:38:27	2009-04-24 14:36:29.990617
129	Di X	149	2009-04-23 19:38:27	2009-04-24 14:36:56.798273
141	Yi W	148	2009-04-23 19:38:27	2009-04-24 14:37:19.924874
58	Wei L	132	2009-04-23 19:38:27	2009-04-24 14:38:06.179501
14	Mohd A	219	2009-04-23 19:38:27	2009-04-25 20:22:14.105003
93	Moussa C	220	2009-04-23 19:38:27	2009-04-25 23:52:49.03721
\.


--
-- Data for Name: options; Type: TABLE DATA; Schema: public; Owner: app62736
--

COPY options (id, name, created_at, updated_at, students_count) FROM stdin;
4	ECE	2009-04-20 16:23:48.742778	2009-04-20 16:23:48.742778	22
7	Physics	2009-04-20 16:24:28.369805	2009-04-20 16:24:28.369805	4
2	Aero	2009-04-20 16:23:20.660537	2009-04-20 16:24:52.212741	14
8	Manu	2009-04-21 03:03:42.032114	2009-04-21 03:54:19.936924	3
6	Nano	2009-04-20 16:24:19.716828	2009-04-20 16:24:19.716828	4
5	Infra	2009-04-20 16:24:00.469119	2009-04-20 16:24:00.469119	14
1	Energy	2009-04-20 16:22:59.90957	2009-04-20 16:24:36.769228	6
9	Undecided	2009-04-21 03:04:09.902827	2009-04-21 03:04:09.902827	10
3	Biomed	2009-04-20 16:23:34.972406	2009-04-20 16:23:34.972406	22
\.


--
-- Data for Name: schema_migrations; Type: TABLE DATA; Schema: public; Owner: app62736
--

COPY schema_migrations (version) FROM stdin;
20090420162133
20090420162204
20090420162916
20090420165731
20090420184415
20090421022816
20090423193124
\.


--
-- Data for Name: students; Type: TABLE DATA; Schema: public; Owner: app62736
--

COPY students (id, name, option_id, created_at, updated_at, "year", "password") FROM stdin;
5	Natalia Theodora	3	2009-04-20 17:02:18.709713	2009-04-20 19:22:44.985519	1T1	0
7	Jamie Liu	4	2009-04-20 17:15:10.95764	2009-04-20 19:22:50.376782	1T1	0
8	Jared Mikkelsen	7	2009-04-20 17:26:30.056055	2009-04-20 19:22:55.779468	1T1	0
15	Lina Lin	3	2009-04-20 18:06:37.079018	2009-04-20 19:22:59.418386	1T1	0
3	Mark Harfouche	4	2009-04-20 16:59:51.368086	2009-04-20 19:33:45.088092	1T1	0
21	Betty Bingyu Li	3	2009-04-20 19:43:55.578682	2009-04-20 19:43:55.578682	1T1	1234
23	Cheryl Hao Cui	3	2009-04-20 19:44:49.510793	2009-04-20 19:44:49.510793	1T1	0000
24	Daniela Yidan Miao	4	2009-04-20 19:45:22.323712	2009-04-20 19:45:22.323712	1T1	3216
18	Adam Pan	3	2009-04-20 19:36:08.639289	2009-04-20 19:50:24.308763	1T1	dontstealmepass
26	Michelle Wong	4	2009-04-20 20:28:30.780595	2009-04-20 20:28:30.780595	1T1	escher
27	Monica Chaumont	2	2009-04-20 20:41:27.166156	2009-04-20 20:41:27.166156	1T1	
28	Charles Hwang	5	2009-04-20 20:42:30.923185	2009-04-20 20:42:30.923185	1T1	lolcat
29	David Wang	5	2009-04-20 21:05:33.671015	2009-04-20 21:05:33.671015	1T1	
30	Jimmy Lu	2	2009-04-20 21:07:05.258289	2009-04-20 21:07:05.258289	1T1	snakezyl
31	Leon Li	2	2009-04-20 21:07:46.5357	2009-04-20 21:07:46.5357	1T1	
33	Duluxan Sritharan	3	2009-04-20 21:18:56.15281	2009-04-20 21:18:56.15281	1T1	
35	Mark Michael	4	2009-04-20 21:19:32.045997	2009-04-20 21:19:32.045997	1T1	
39	Sean Bell	4	2009-04-20 23:16:55.975414	2009-04-20 23:16:55.975414	1T1	wsickwsick
40	Rick Zhang	2	2009-04-20 23:35:48.457069	2009-04-20 23:35:48.457069	1T1	xgmegk
41	Megan Lund	1	2009-04-20 23:44:10.534908	2009-04-20 23:44:10.534908	1T1	mi6balletjazz
32	Harris Lo	3	2009-04-20 21:16:34.065476	2009-04-20 23:47:17.629859	1T1	
4	Ben Amalraj	7	2009-04-20 17:00:19.965076	2009-04-20 23:48:29.037978	1T1	0
86	Manan Arya	2	2009-04-21 01:06:45.570492	2009-04-21 01:06:45.570492	1T1	haugh
91	Vincent Kan	5	2009-04-21 01:10:10.690016	2009-04-21 01:10:10.690016	1T1	passw0rd
9	Trevor Campbell	2	2009-04-20 17:26:44.362223	2009-04-21 03:05:51.720658	1T1	0
1	Rafal Dittwald	1	2009-04-20 16:35:52.481187	2009-04-21 03:19:02.361908	1T1	12345
110	Henry Shi	9	2009-04-21 03:38:08.553749	2009-04-21 03:38:08.553749	1T1	hx890128
114	Shawn Yin	9	2009-04-21 03:52:14.240302	2009-04-21 03:52:14.240302	1T1	methos
115	Justin Freedman	6	2009-04-21 03:53:11.638088	2009-04-21 03:53:11.638088	1T1	iamtheman
25	Audrey Man-Yin Chan	3	2009-04-20 19:48:13.086988	2009-04-21 03:57:53.816115	1T1	0000
116	Haoyang Liu	2	2009-04-21 03:59:50.115232	2009-04-21 03:59:50.115232	1T1	billismyname
19	Miaad Aliroteh	4	2009-04-20 19:38:50.043956	2009-04-21 04:01:55.585823	1T1	smsaece
117	Paul Pellegrini	1	2009-04-21 04:09:34.742814	2009-04-21 04:09:34.742814	1T1	bikess
118	Catherine Chen	9	2009-04-21 04:33:03.912762	2009-04-21 05:14:45.293315	1T1	
120	Jonathan Sun	9	2009-04-21 06:11:22.897149	2009-04-21 06:11:22.897149	1T1	jonnymatrix
119	Tian Tian	5	2009-04-21 06:03:17.835443	2009-04-21 06:37:01.607307	1T1	
125	Geoff Vishloff	1	2009-04-21 07:01:03.721067	2009-04-21 07:01:03.721067	1T1	
127	Galen Hogan	1	2009-04-21 13:53:11.341129	2009-04-21 13:53:11.341129	1T1	idkl
128	Ben Hare	4	2009-04-21 14:02:39.480424	2009-04-21 14:02:39.480424	1T1	fiji09
129	Fang	5	2009-04-21 14:03:00.798115	2009-04-21 14:03:00.798115	1T1	021746
130	David Taylor	9	2009-04-21 14:06:46.709364	2009-04-21 14:06:46.709364	1T1	7053861337EL
131	Joel Kimelman	2	2009-04-21 14:07:13.212256	2009-04-21 14:07:13.212256	1T1	
133	Silvia Vlad	5	2009-04-21 14:36:21.907058	2009-04-21 14:36:21.907058	1T1	silvia
134	Sanae Rosen	5	2009-04-21 14:37:11.829943	2009-04-21 14:37:11.829943	1T1	sanae
135	Yoni Halpern	4	2009-04-21 14:51:15.688843	2009-04-21 14:51:15.688843	1T1	opensesamee
136	Carol Kong	5	2009-04-21 14:53:10.222306	2009-04-21 14:53:10.222306	1T1	minacarol
138	Eddie He	4	2009-04-21 14:55:41.253002	2009-04-21 14:55:41.253002	1T1	
141	James Cash	4	2009-04-21 15:12:24.876494	2009-04-21 15:12:24.876494	1T1	omgomgomg
142	Mojdeh Shakiba	3	2009-04-21 15:16:48.439506	2009-04-21 15:16:48.439506	1T1	1234
143	Bassam Helou	7	2009-04-21 15:34:54.12768	2009-04-21 15:34:54.12768	1T1	
139	Carson McFadden	6	2009-04-21 14:55:46.21669	2009-04-21 16:13:22.818772	1T1	hey
144	Yifan Gu	4	2009-04-21 16:18:01.598507	2009-04-21 16:18:01.598507	1T1	890331
145	Daniel Di Matteo	4	2009-04-21 16:49:25.169915	2009-04-21 16:49:25.169915	1T1	
146	Saksham Uppal	4	2009-04-21 16:55:56.943226	2009-04-21 16:55:56.943226	1T1	what
147	Satyam Merja	3	2009-04-21 17:08:08.204278	2009-04-21 17:08:08.204278	1T1	
149	David Xue	3	2009-04-21 18:02:08.526746	2009-04-21 18:02:08.526746	1T1	dvdx1989621
150	Xiaofan Jin	3	2009-04-21 19:15:29.923116	2009-04-21 19:15:29.923116	1T1	13137979
151	Rankie Wong	8	2009-04-21 19:33:20.436145	2009-04-21 19:33:20.436145	1T1	manu
152	Kevin Lim	2	2009-04-21 19:37:59.541197	2009-04-21 19:37:59.541197	1T1	4982
154	Collin Zhou	8	2009-04-21 20:00:22.111152	2009-04-21 20:00:22.111152	1T1	
155	Lavender Zhang	9	2009-04-21 20:01:10.007829	2009-04-21 20:01:10.007829	1T1	
140	Farhang T	5	2009-04-21 15:10:54.708407	2009-04-21 20:23:21.806044	1T1	
156	Kyle Kay Kim	3	2009-04-21 20:39:32.204339	2009-04-21 20:39:32.204339	1T1	tkishere
34	Lyndia Wu	3	2009-04-20 21:19:21.044193	2009-04-21 22:36:27.469709	1T1	
157	Jeffrey Alam	2	2009-04-21 22:59:01.055389	2009-04-21 22:59:01.055389	1T1	flav1
159	Ronak Gandhi	3	2009-04-21 23:02:49.055654	2009-04-21 23:02:49.055654	1T1	password
164	Chandramouli Ganesan	2	2009-04-21 23:16:28.788421	2009-04-21 23:16:28.788421	1T1	chmouli
126	Matthew K	5	2009-04-21 13:32:47.97622	2009-04-21 23:42:03.10447	1T1	
171	Lucy Yin	5	2009-04-22 02:56:46.389572	2009-04-22 02:56:46.389572	1T1	
173	Chen Nie	4	2009-04-22 03:20:17.425212	2009-04-22 03:20:17.425212	1T1	
174	Yingcong Tan	3	2009-04-22 03:28:45.074385	2009-04-22 03:28:45.074385	1T1	
175	Mike Jiang	5	2009-04-22 03:31:30.92848	2009-04-22 03:31:30.92848	1T1	123
165	Harry	4	2009-04-22 00:57:34.430602	2009-04-22 04:11:32.653985	1T1	
176	Uilki Tufa	3	2009-04-22 06:59:17.411853	2009-04-22 06:59:17.411853	1T1	1888288
177	Utkarsh Gaur	4	2009-04-22 13:07:31.81012	2009-04-22 13:07:31.81012	1T1	
123	Rahat Mahmood	2	2009-04-21 06:33:44.604381	2009-04-22 16:32:37.759169	1T1	
179	Ankit Jain	4	2009-04-22 17:44:13.5449	2009-04-22 17:44:13.5449	1T1	Ankit
180	Joe Garvey	9	2009-04-22 17:47:16.940137	2009-04-22 17:47:16.940137	1T1	g
172	Oliver Wei	4	2009-04-22 03:11:57.09319	2009-04-22 18:40:21.257662	1T1	
121	Lutan Hu	3	2009-04-21 06:30:48.105178	2009-04-22 18:40:32.421337	1T1	
124	Lu (Zhou) Lin	1	2009-04-21 06:35:48.893017	2009-04-22 18:56:40.606051	1T1	
184	Hecheng (Bo) Wang	4	2009-04-22 18:59:27.567002	2009-04-22 18:59:27.567002	1T1	Hecheng
197	Balazs Hertel	5	2009-04-22 20:57:04.421731	2009-04-22 20:57:04.421731	1T1	restart34234
198	Parth Vakil	6	2009-04-23 00:17:08.036424	2009-04-23 00:17:08.036424	1T1	
199	René Rail-Ip	9	2009-04-23 01:12:55.832209	2009-04-23 01:12:55.832209	1T1	engsci
200	Winston Wang	2	2009-04-23 02:16:26.163013	2009-04-23 02:16:26.163013	1T1	
201	William Jiang	4	2009-04-23 02:34:08.215844	2009-04-23 02:34:08.215844	1T1	
181	Ken Jin	2	2009-04-22 18:34:19.111124	2009-04-23 18:39:42.240861	1T1	
137	Matthew Wang	3	2009-04-21 14:55:10.838157	2009-04-23 19:18:21.598382	1T1	
203	Barsan Fu	1	2009-04-24 02:43:05.818477	2009-04-24 02:43:05.818477	1T1	
42	Jonathan Ng	4	2009-04-20 23:46:50.048009	2009-04-24 04:38:55.44396	1T1	
205	Yin Ng	2	2009-04-24 03:46:09.914086	2009-04-24 04:43:04.446577	1T1	
207	Bohan J 	4	2009-04-24 04:47:22.877086	2009-04-24 04:47:22.877086	1T1	
209	(Ho) Peter Pang	7	2009-04-24 04:48:17.988573	2009-04-24 04:52:01.126205	1T1	
6	Konstantine Tsotsos	4	2009-04-20 17:14:03.464067	2009-04-24 13:17:08.831077	1T1	konkonkon
148	Charlie Wu	3	2009-04-21 17:45:47.398734	2009-04-25 15:39:16.294588	1T1	
208	Calvin Lau	3	2009-04-24 04:47:54.063655	2009-04-25 18:16:46.845464	1T1	
132	Wilbur	1	2009-04-21 14:32:18.391259	2009-04-25 18:35:42.049877	1T1	wy
219	Shahed Al-Haque	3	2009-04-25 19:19:44.564071	2009-04-25 19:19:44.564071	1T1	s112358
220	Moussa Chehade	3	2009-04-25 22:33:18.369196	2009-04-25 22:33:18.369196	1T1	real
\.


--
-- Name: identities_pkey; Type: CONSTRAINT; Schema: public; Owner: app62736; Tablespace: 
--

ALTER TABLE ONLY identities
    ADD CONSTRAINT identities_pkey PRIMARY KEY (id);


--
-- Name: options_pkey; Type: CONSTRAINT; Schema: public; Owner: app62736; Tablespace: 
--

ALTER TABLE ONLY options
    ADD CONSTRAINT options_pkey PRIMARY KEY (id);


--
-- Name: students_pkey; Type: CONSTRAINT; Schema: public; Owner: app62736; Tablespace: 
--

ALTER TABLE ONLY students
    ADD CONSTRAINT students_pkey PRIMARY KEY (id);


--
-- Name: unique_schema_migrations; Type: INDEX; Schema: public; Owner: app62736; Tablespace: 
--

CREATE UNIQUE INDEX unique_schema_migrations ON schema_migrations USING btree (version);


--
-- PostgreSQL database dump complete
--

